{
    "metrics": {
        "data_sent": {
            "count": 8717,
            "rate": 38249.7203529465
        },
        "iteration_duration": {
            "avg": 110.65774724999999,
            "min": 104.371269,
            "med": 109.34188499999999,
            "max": 118.04475,
            "p(90)": 117.4035012,
            "p(95)": 117.61220835
        },
        "iterations": {
            "count": 20,
            "rate": 87.75890869094069
        },
        "http_req_failed": {
            "passes": 20,
            "fails": 0,
            "thresholds": {
                "rate<0.1": true
            },
            "value": 1
        },
        "http_req_connecting": {
            "avg": 1.1196647499999999,
            "min": 0,
            "med": 0.9445125,
            "max": 3.132741,
            "p(90)": 2.3577313000000006,
            "p(95)": 2.6127993500000004
        },
        "http_req_sending": {
            "med": 0.034001,
            "max": 0.186503,
            "p(90)": 0.15012200000000003,
            "p(95)": 0.18460205,
            "avg": 0.05540079999999999,
            "min": 0.0084
        },
        "http_reqs": {
            "count": 20,
            "rate": 87.75890869094069
        },
        "http_req_receiving": {
            "p(90)": 0.3693751000000002,
            "p(95)": 0.4665311000000001,
            "avg": 0.23040304999999997,
            "min": 0.0341,
            "med": 0.23385299999999998,
            "max": 0.556308
        },
        "data_received": {
            "count": 5500,
            "rate": 24133.699890008687
        },
        "http_req_duration": {
            "min": 2.901438,
            "med": 7.5807495,
            "max": 13.65328,
            "p(90)": 13.2683141,
            "p(95)": 13.334075250000001,
            "avg": 8.365574800000001,
            "thresholds": {
                "p(95)<5000": false
            }
        },
        "http_req_blocked": {
            "p(90)": 2.581504,
            "p(95)": 2.6578845000000006,
            "avg": 1.1620352000000005,
            "min": 0.0024,
            "med": 0.9720125000000001,
            "max": 3.378944
        },
        "http_req_tls_handshaking": {
            "med": 0,
            "max": 0,
            "p(90)": 0,
            "p(95)": 0,
            "avg": 0,
            "min": 0
        },
        "http_req_waiting": {
            "p(95)": 13.017311,
            "avg": 8.07977095,
            "min": 2.642235,
            "med": 7.4212975,
            "max": 13.061771,
            "p(90)": 12.7923983
        },
        "checks": {
            "passes": 0,
            "fails": 20,
            "value": 0
        }
    },
    "root_group": {
        "name": "",
        "path": "",
        "id": "d41d8cd98f00b204e9800998ecf8427e",
        "groups": {},
        "checks": {
                "status is 200": {
                    "name": "status is 200",
                    "path": "::status is 200",
                    "id": "6210a8cd14cd70477eba5c5e4cb3fb5f",
                    "passes": 0,
                    "fails": 20
                }
            }
    }
}