{
    "root_group": {
        "path": "",
        "id": "d41d8cd98f00b204e9800998ecf8427e",
        "groups": {},
        "checks": {
                "Status is 200": {
                    "name": "Status is 200",
                    "path": "::Status is 200",
                    "id": "887b5211c579c0c925c267b35b5af7da",
                    "passes": 0,
                    "fails": 1
                }
            },
        "name": ""
    },
    "metrics": {
        "http_reqs": {
            "count": 1,
            "rate": 0.0990031094062006
        },
        "checks": {
            "passes": 0,
            "fails": 1,
            "value": 0
        },
        "http_req_failed": {
            "passes": 1,
            "fails": 0,
            "thresholds": {
                "rate<0.1": true
            },
            "value": 1
        },
        "http_req_waiting": {
            "med": 9908.577328,
            "max": 9908.577328,
            "p(90)": 9908.577328,
            "p(95)": 9908.577328,
            "avg": 9908.577328,
            "min": 9908.577328
        },
        "vus_max": {
            "max": 1,
            "value": 1,
            "min": 1
        },
        "http_req_sending": {
            "med": 0.113798,
            "max": 0.113798,
            "p(90)": 0.113798,
            "p(95)": 0.113798,
            "avg": 0.113798,
            "min": 0.113798
        },
        "iteration_duration": {
            "avg": 10100.589158,
            "min": 10100.589158,
            "med": 10100.589158,
            "max": 10100.589158,
            "p(90)": 10100.589158,
            "p(95)": 10100.589158
        },
        "http_req_duration": {
            "med": 9908.691126,
            "max": 9908.691126,
            "p(90)": 9908.691126,
            "p(95)": 9908.691126,
            "avg": 9908.691126,
            "min": 9908.691126,
            "thresholds": {
                "p(95)<5000": true
            }
        },
        "http_req_connecting": {
            "min": 91.358882,
            "med": 91.358882,
            "max": 91.358882,
            "p(90)": 91.358882,
            "p(95)": 91.358882,
            "avg": 91.358882
        },
        "data_sent": {
            "count": 416,
            "rate": 41.18529351297945
        },
        "http_req_tls_handshaking": {
            "p(90)": 0,
            "p(95)": 0,
            "avg": 0,
            "min": 0,
            "med": 0,
            "max": 0
        },
        "iterations": {
            "count": 1,
            "rate": 0.0990031094062006
        },
        "http_req_receiving": {
            "avg": 0,
            "min": 0,
            "med": 0,
            "max": 0,
            "p(90)": 0,
            "p(95)": 0
        },
        "data_received": {
            "count": 0,
            "rate": 0
        },
        "vus": {
            "value": 1,
            "min": 1,
            "max": 1
        },
        "http_req_blocked": {
            "avg": 91.43008,
            "min": 91.43008,
            "med": 91.43008,
            "max": 91.43008,
            "p(90)": 91.43008,
            "p(95)": 91.43008
        }
    }
}