{
    "root_group": {
        "name": "",
        "path": "",
        "id": "d41d8cd98f00b204e9800998ecf8427e",
        "groups": {},
        "checks": {
                "Status is correct": {
                    "passes": 8,
                    "fails": 0,
                    "name": "Status is correct",
                    "path": "::Status is correct",
                    "id": "cff064856616c2a8f709df78c7c5d28b"
                },
                "has memory_id": {
                    "name": "has memory_id",
                    "path": "::has memory_id",
                    "id": "b82bbef3f8202155c4251a2f50c7f731",
                    "passes": 8,
                    "fails": 0
                },
                "status is success": {
                    "fails": 0,
                    "name": "status is success",
                    "path": "::status is success",
                    "id": "d7ed1d2ff585821f89b4cf6c1c3b999a",
                    "passes": 8
                }
            }
    },
    "metrics": {
        "http_req_tls_handshaking": {
            "avg": 0,
            "min": 0,
            "med": 0,
            "max": 0,
            "p(90)": 0,
            "p(95)": 0
        },
        "data_sent": {
            "count": 3189,
            "rate": 309.33654563249956
        },
        "http_req_waiting": {
            "p(95)": 280.4906458,
            "avg": 275.949793375,
            "min": 273.364556,
            "med": 275.0859625,
            "max": 282.81129,
            "p(90)": 278.1700016
        },
        "http_req_receiving": {
            "min": 0.0553,
            "med": 0.0881005,
            "max": 0.197701,
            "p(90)": 0.14926029999999998,
            "p(95)": 0.17348064999999996,
            "avg": 0.09933775000000002
        },
        "http_req_duration": {
            "avg": 276.100419,
            "min": 273.720958,
            "med": 275.2277135,
            "max": 282.90119,
            "p(90)": 278.2540916,
            "p(95)": 280.5776408,
            "thresholds": {
                "p(95)<500": false
            }
        },
        "http_req_connecting": {
            "p(95)": 58.45450974999995,
            "avg": 11.241251875,
            "min": 0,
            "med": 0,
            "max": 89.930015,
            "p(90)": 26.979004499999984
        },
        "vus": {
            "value": 1,
            "min": 1,
            "max": 1
        },
        "http_req_sending": {
            "avg": 0.051287875000000004,
            "min": 0.0245,
            "med": 0.0279505,
            "max": 0.158701,
            "p(90)": 0.08905099999999998,
            "p(95)": 0.12387599999999996
        },
        "http_req_duration{expected_response:true}": {
            "p(90)": 278.2540916,
            "p(95)": 280.5776408,
            "avg": 276.100419,
            "min": 273.720958,
            "med": 275.2277135,
            "max": 282.90119
        },
        "checks": {
            "fails": 0,
            "passes": 24,
            "value": 1
        },
        "iteration_duration": {
            "avg": 1288.597860625,
            "min": 1275.610064,
            "med": 1276.710768,
            "max": 1366.595182,
            "p(90)": 1308.5392197,
            "p(95)": 1337.56720085
        },
        "http_req_blocked": {
            "p(90)": 27.20919509999998,
            "p(95)": 58.94170604999995,
            "avg": 11.339739625,
            "min": 0.0044,
            "med": 0.0059,
            "max": 90.674217
        },
        "data_received": {
            "count": 2072,
            "rate": 200.98630371606745
        },
        "http_req_failed": {
            "passes": 0,
            "fails": 8,
            "thresholds": {
                "rate<0.01": false
            },
            "value": 0
        },
        "http_reqs": {
            "rate": 0.776008894656631,
            "count": 8
        },
        "vus_max": {
            "value": 1,
            "min": 1,
            "max": 1
        },
        "iterations": {
            "count": 8,
            "rate": 0.776008894656631
        }
    }
}