{
    "metrics": {
        "http_req_connecting": {
            "med": 0,
            "max": 89.966803,
            "p(90)": 26.990040899999983,
            "p(95)": 58.47842194999995,
            "avg": 11.245850375,
            "min": 0
        },
        "checks": {
            "passes": 24,
            "fails": 0,
            "value": 1
        },
        "data_sent": {
            "rate": 307.33950135895964,
            "count": 3171
        },
        "http_req_waiting": {
            "avg": 277.37588325,
            "min": 274.09493,
            "med": 274.998628,
            "max": 293.249664,
            "p(90)": 281.21531089999996,
            "p(95)": 287.23248745
        },
        "http_req_duration{expected_response:true}": {
            "avg": 277.51204625,
            "min": 274.238631,
            "med": 275.10212850000005,
            "max": 293.497065,
            "p(90)": 281.3762619,
            "p(95)": 287.43666344999997
        },
        "http_req_tls_handshaking": {
            "avg": 0,
            "min": 0,
            "med": 0,
            "max": 0,
            "p(90)": 0,
            "p(95)": 0
        },
        "data_received": {
            "count": 2072,
            "rate": 200.82227903366896
        },
        "http_req_sending": {
            "med": 0.03345,
            "max": 0.119501,
            "p(90)": 0.08212099999999999,
            "p(95)": 0.10081099999999996,
            "avg": 0.04750025,
            "min": 0.0302
        },
        "http_reqs": {
            "count": 8,
            "rate": 0.7753755947245906
        },
        "http_req_failed": {
            "passes": 0,
            "fails": 8,
            "thresholds": {
                "rate<0.01": false
            },
            "value": 0
        },
        "iterations": {
            "count": 8,
            "rate": 0.7753755947245906
        },
        "http_req_blocked": {
            "avg": 11.259938000000004,
            "min": 0.0043,
            "med": 0.005900000000000001,
            "max": 90.039804,
            "p(90)": 27.01656119999998,
            "p(95)": 58.52818259999995
        },
        "http_req_receiving": {
            "avg": 0.08866275,
            "min": 0.0673,
            "med": 0.0843005,
            "max": 0.1279,
            "p(90)": 0.10865,
            "p(95)": 0.11827499999999999
        },
        "vus_max": {
            "value": 1,
            "min": 1,
            "max": 1
        },
        "http_req_duration": {
            "min": 274.238631,
            "med": 275.10212850000005,
            "max": 293.497065,
            "p(90)": 281.3762619,
            "p(95)": 287.43666344999997,
            "avg": 277.51204625,
            "thresholds": {
                "p(95)<500": false
            }
        },
        "iteration_duration": {
            "med": 1276.0971895,
            "max": 1384.795336,
            "p(90)": 1309.7402489,
            "p(95)": 1347.26779245,
            "avg": 1289.645968375,
            "min": 1274.842887
        },
        "vus": {
            "value": 1,
            "min": 1,
            "max": 1
        }
    },
    "root_group": {
        "groups": {},
        "checks": {
                "Status is correct": {
                    "name": "Status is correct",
                    "path": "::Status is correct",
                    "id": "cff064856616c2a8f709df78c7c5d28b",
                    "passes": 8,
                    "fails": 0
                },
                "has memory_id": {
                    "id": "b82bbef3f8202155c4251a2f50c7f731",
                    "passes": 8,
                    "fails": 0,
                    "name": "has memory_id",
                    "path": "::has memory_id"
                },
                "status is success": {
                    "name": "status is success",
                    "path": "::status is success",
                    "id": "d7ed1d2ff585821f89b4cf6c1c3b999a",
                    "passes": 8,
                    "fails": 0
                }
            },
        "name": "",
        "path": "",
        "id": "d41d8cd98f00b204e9800998ecf8427e"
    }
}