{
    "root_group": {
        "name": "",
        "path": "",
        "id": "d41d8cd98f00b204e9800998ecf8427e",
        "groups": {},
        "checks": {
                "status is 200": {
                    "name": "status is 200",
                    "path": "::status is 200",
                    "id": "6210a8cd14cd70477eba5c5e4cb3fb5f",
                    "passes": 0,
                    "fails": 20
                }
            }
    },
    "metrics": {
        "http_req_connecting": {
            "avg": 2.9861691500000003,
            "min": 0,
            "med": 1.8811745,
            "max": 9.18532,
            "p(90)": 8.437450700000001,
            "p(95)": 8.908677149999999
        },
        "http_req_waiting": {
            "avg": 94.01403355,
            "min": 70.697328,
            "med": 93.96248299999999,
            "max": 117.655144,
            "p(90)": 116.4531972,
            "p(95)": 117.2483483
        },
        "checks": {
            "fails": 20,
            "passes": 0,
            "value": 0
        },
        "iteration_duration": {
            "min": 172.846968,
            "med": 198.4469535,
            "max": 228.311696,
            "p(90)": 227.5770957,
            "p(95)": 228.0029422,
            "avg": 199.49850265
        },
        "http_reqs": {
            "count": 20,
            "rate": 49.549214132617124
        },
        "http_req_sending": {
            "min": 0.0097,
            "med": 0.0810015,
            "max": 1.148915,
            "p(90)": 0.28525310000000104,
            "p(95)": 0.9316481000000001,
            "avg": 0.18208739999999998
        },
        "http_req_receiving": {
            "min": 0.0234,
            "med": 1.1523655000000002,
            "max": 2.214729,
            "p(90)": 1.864565,
            "p(95)": 1.9337152000000002,
            "avg": 1.0643089500000003
        },
        "data_received": {
            "count": 9840,
            "rate": 24378.213353247625
        },
        "http_req_tls_handshaking": {
            "p(95)": 0,
            "avg": 0,
            "min": 0,
            "med": 0,
            "max": 0,
            "p(90)": 0
        },
        "data_sent": {
            "rate": 22530.027666101007,
            "count": 9094
        },
        "http_req_duration": {
            "avg": 95.26042989999999,
            "min": 72.145646,
            "med": 94.817094,
            "max": 118.342153,
            "p(90)": 118.1314801,
            "p(95)": 118.20725110000001,
            "thresholds": {
                "p(95)<5000": false
            }
        },
        "http_req_blocked": {
            "p(90)": 8.4666807,
            "p(95)": 8.938207199999999,
            "avg": 3.054645,
            "min": 0.0021,
            "med": 2.061427,
            "max": 9.266721
        },
        "iterations": {
            "rate": 49.549214132617124,
            "count": 20
        },
        "http_req_failed": {
            "passes": 20,
            "fails": 0,
            "thresholds": {
                "rate<0.1": true
            },
            "value": 1
        }
    }
}