{
    "root_group": {
        "checks": {
            "status is 200": {
                "name": "status is 200",
                "path": "::status is 200",
                "id": "6210a8cd14cd70477eba5c5e4cb3fb5f",
                "passes": 0,
                "fails": 20
            }
        },
        "name": "",
        "path": "",
        "id": "d41d8cd98f00b204e9800998ecf8427e",
        "groups": {}
    },
    "metrics": {
        "http_req_waiting": {
            "p(95)": 100.85732200000001,
            "avg": 98.07849145,
            "min": 95.748612,
            "med": 97.88503850000001,
            "max": 100.909477,
            "p(90)": 100.8102961
        },
        "iterations": {
            "count": 20,
            "rate": 40.31720130632006
        },
        "http_req_duration": {
            "avg": 98.7499449,
            "min": 95.864013,
            "med": 98.469346,
            "max": 101.268682,
            "p(90)": 101.19408100000001,
            "p(95)": 101.23970605,
            "thresholds": {
                "p(95)<5000": false
            }
        },
        "http_req_connecting": {
            "med": 45.3867745,
            "max": 91.65556,
            "p(90)": 91.30725550000001,
            "p(95)": 91.61965000000001,
            "avg": 45.61126735,
            "min": 0
        },
        "http_req_sending": {
            "med": 0.037901000000000004,
            "max": 0.213703,
            "p(90)": 0.2082321,
            "p(95)": 0.213038,
            "avg": 0.082761,
            "min": 0.0081
        },
        "http_req_receiving": {
            "p(90)": 1.0045223000000003,
            "p(95)": 1.2217953000000004,
            "avg": 0.58869245,
            "min": 0.017201,
            "med": 0.5236565,
            "max": 1.620421
        },
        "checks": {
            "passes": 0,
            "fails": 20,
            "value": 0
        },
        "data_sent": {
            "count": 8717,
            "rate": 17572.2521893596
        },
        "data_received": {
            "rate": 6652.33821554281,
            "count": 3300
        },
        "iteration_duration": {
            "avg": 245.59851865000002,
            "min": 196.437686,
            "med": 244.9497005,
            "max": 297.695068,
            "p(90)": 294.65098009999997,
            "p(95)": 294.93186285
        },
        "http_req_failed": {
            "passes": 20,
            "fails": 0,
            "thresholds": {
                "rate<0.1": true
            },
            "value": 1
        },
        "http_reqs": {
            "count": 20,
            "rate": 40.31720130632006
        },
        "http_req_blocked": {
            "min": 0.0019,
            "med": 45.419925000000006,
            "max": 91.822063,
            "p(90)": 91.3457556,
            "p(95)": 91.74150110000001,
            "avg": 45.642772750000006
        },
        "http_req_tls_handshaking": {
            "avg": 0,
            "min": 0,
            "med": 0,
            "max": 0,
            "p(90)": 0,
            "p(95)": 0
        }
    }
}